,Country,Basel_Convention,CITES,Convention_On_Biological_Diversity,Convention_On_Migratory_Species,Kyoto_Protocol,Montreal_Protocol,Paris_Agreement,Ramsar_Convention,Rotterdam_Convention,Stockholm_Convention,UN_Convention_on_the_Law_of_the_Sea,UN_Convention_to_Combat_Desertification,UN_Framework_Convention_on_Climate_Change,World_Heritage_Convention
0,Afghanistan,11+ year adopter,6-10 year adopter,6-10 year adopter,11+ year adopter,6-10 year adopter,11+ year adopter,1-5 Year Adopter,Non-adopter,6-10 year adopter,6-10 year adopter,Non-adopter,Original Adopter,6-10 year adopter,6-10 year adopter
1,Albania,6-10 year adopter,11+ year adopter,1-5 Year Adopter,11+ year adopter,Original Adopter,6-10 year adopter,Original Adopter,11+ year adopter,6-10 year adopter,Original Adopter,11+ year adopter,1-5 Year Adopter,1-5 Year Adopter,11+ year adopter
2,Algeria,6-10 year adopter,6-10 year adopter,1-5 Year Adopter,11+ year adopter,Original Adopter,1-5 Year Adopter,Original Adopter,6-10 year adopter,Non-adopter,1-5 Year Adopter,11+ year adopter,Original Adopter,1-5 Year Adopter,1-5 Year Adopter
3,Andorra,6-10 year adopter,Non-adopter,11+ year adopter,Non-adopter,Non-adopter,11+ year adopter,1-5 Year Adopter,11+ year adopter,Non-adopter,Non-adopter,Non-adopter,6-10 year adopter,11+ year adopter,11+ year adopter
4,Angola,11+ year adopter,11+ year adopter,1-5 Year Adopter,11+ year adopter,1-5 Year Adopter,11+ year adopter,Non-adopter,Non-adopter,Non-adopter,1-5 Year Adopter,6-10 year adopter,1-5 Year Adopter,6-10 year adopter,11+ year adopter
5,Antigua and Barbuda,1-5 Year Adopter,11+ year adopter,Original Adopter,11+ year adopter,Original Adopter,1-5 Year Adopter,Original Adopter,11+ year adopter,6-10 year adopter,Original Adopter,6-10 year adopter,1-5 Year Adopter,1-5 Year Adopter,11+ year adopter
6,Argentina,Original Adopter,6-10 year adopter,1-5 Year Adopter,6-10 year adopter,Original Adopter,1-5 Year Adopter,Original Adopter,11+ year adopter,Original Adopter,1-5 Year Adopter,11+ year adopter,1-5 Year Adopter,1-5 Year Adopter,6-10 year adopter
7,Armenia,6-10 year adopter,11+ year adopter,Original Adopter,11+ year adopter,Original Adopter,6-10 year adopter,1-5 Year Adopter,11+ year adopter,Original Adopter,Original Adopter,11+ year adopter,1-5 Year Adopter,1-5 Year Adopter,11+ year adopter
8,Australia,Original Adopter,1-5 Year Adopter,Original Adopter,6-10 year adopter,1-5 Year Adopter,Original Adopter,Original Adopter,Original Adopter,Original Adopter,Original Adopter,11+ year adopter,1-5 Year Adopter,Original Adopter,1-5 Year Adopter
9,Austria,1-5 Year Adopter,6-10 year adopter,1-5 Year Adopter,11+ year adopter,Original Adopter,Original Adopter,Original Adopter,6-10 year adopter,Original Adopter,Original Adopter,11+ year adopter,1-5 Year Adopter,1-5 Year Adopter,11+ year adopter
10,Azerbaijan,6-10 year adopter,11+ year adopter,6-10 year adopter,Non-adopter,Original Adopter,6-10 year adopter,1-5 Year Adopter,11+ year adopter,Non-adopter,Original Adopter,11+ year adopter,1-5 Year Adopter,1-5 Year Adopter,11+ year adopter
11,Bahamas,Original Adopter,1-5 Year Adopter,Original Adopter,Non-adopter,Original Adopter,1-5 Year Adopter,Original Adopter,11+ year adopter,Non-adopter,1-5 Year Adopter,1-5 Year Adopter,1-5 Year Adopter,1-5 Year Adopter,11+ year adopter
12,Bahrain,Original Adopter,11+ year adopter,1-5 Year Adopter,Non-adopter,1-5 Year Adopter,1-5 Year Adopter,Original Adopter,11+ year adopter,6-10 year adopter,1-5 Year Adopter,1-5 Year Adopter,1-5 Year Adopter,1-5 Year Adopter,11+ year adopter
13,Bangladesh,1-5 Year Adopter,6-10 year adopter,1-5 Year Adopter,11+ year adopter,Original Adopter,1-5 Year Adopter,Original Adopter,11+ year adopter,Non-adopter,1-5 Year Adopter,11+ year adopter,Original Adopter,1-5 Year Adopter,11+ year adopter
14,Barbados,1-5 Year Adopter,11+ year adopter,1-5 Year Adopter,Non-adopter,Original Adopter,1-5 Year Adopter,Original Adopter,11+ year adopter,Non-adopter,Original Adopter,11+ year adopter,1-5 Year Adopter,1-5 Year Adopter,11+ year adopter
15,Belarus,6-10 year adopter,11+ year adopter,Original Adopter,11+ year adopter,Original Adopter,Original Adopter,Original Adopter,11+ year adopter,Non-adopter,Original Adopter,11+ year adopter,1-5 Year Adopter,6-10 year adopter,11+ year adopter
16,Belgium,1-5 Year Adopter,6-10 year adopter,1-5 Year Adopter,6-10 year adopter,Original Adopter,Original Adopter,1-5 Year Adopter,11+ year adopter,Original Adopter,1-5 Year Adopter,11+ year adopter,1-5 Year Adopter,1-5 Year Adopter,11+ year adopter
17,Belize,1-5 Year Adopter,11+ year adopter,1-5 Year Adopter,Non-adopter,Original Adopter,6-10 year adopter,Original Adopter,11+ year adopter,1-5 Year Adopter,6-10 year adopter,1-5 Year Adopter,1-5 Year Adopter,1-5 Year Adopter,11+ year adopter
18,Benin,1-5 Year Adopter,6-10 year adopter,1-5 Year Adopter,1-5 Year Adopter,Original Adopter,1-5 Year Adopter,Original Adopter,11+ year adopter,Original Adopter,Original Adopter,11+ year adopter,Original Adopter,1-5 Year Adopter,6-10 year adopter
19,Bhutan,6-10 year adopter,11+ year adopter,1-5 Year Adopter,Non-adopter,Original Adopter,11+ year adopter,1-5 Year Adopter,11+ year adopter,Non-adopter,Non-adopter,Non-adopter,6-10 year adopter,1-5 Year Adopter,11+ year adopter
20,Bolivia (Plurinational State of),1-5 Year Adopter,1-5 Year Adopter,1-5 Year Adopter,11+ year adopter,Non-adopter,1-5 Year Adopter,Original Adopter,11+ year adopter,Original Adopter,Original Adopter,11+ year adopter,Original Adopter,1-5 Year Adopter,1-5 Year Adopter
21,Bosnia and Herzegovina,6-10 year adopter,11+ year adopter,6-10 year adopter,11+ year adopter,1-5 Year Adopter,1-5 Year Adopter,1-5 Year Adopter,11+ year adopter,1-5 Year Adopter,6-10 year adopter,11+ year adopter,6-10 year adopter,6-10 year adopter,11+ year adopter
22,Botswana,6-10 year adopter,1-5 Year Adopter,1-5 Year Adopter,Non-adopter,Original Adopter,1-5 Year Adopter,Original Adopter,11+ year adopter,1-5 Year Adopter,Original Adopter,6-10 year adopter,Original Adopter,1-5 Year Adopter,11+ year adopter
23,Brazil,Original Adopter,Original Adopter,1-5 Year Adopter,11+ year adopter,Original Adopter,1-5 Year Adopter,Original Adopter,11+ year adopter,Original Adopter,Original Adopter,6-10 year adopter,1-5 Year Adopter,1-5 Year Adopter,1-5 Year Adopter
24,Brunei Darussalam,6-10 year adopter,11+ year adopter,11+ year adopter,Non-adopter,1-5 Year Adopter,1-5 Year Adopter,Original Adopter,Non-adopter,Non-adopter,Non-adopter,11+ year adopter,6-10 year adopter,11+ year adopter,11+ year adopter
25,Bulgaria,1-5 Year Adopter,11+ year adopter,1-5 Year Adopter,11+ year adopter,Original Adopter,1-5 Year Adopter,Original Adopter,1-5 Year Adopter,Original Adopter,Original Adopter,11+ year adopter,1-5 Year Adopter,1-5 Year Adopter,1-5 Year Adopter
26,Burkina Faso,6-10 year adopter,11+ year adopter,Original Adopter,6-10 year adopter,Original Adopter,Original Adopter,Original Adopter,11+ year adopter,Original Adopter,Original Adopter,11+ year adopter,Original Adopter,1-5 Year Adopter,11+ year adopter
27,Burundi,1-5 Year Adopter,11+ year adopter,1-5 Year Adopter,11+ year adopter,Original Adopter,6-10 year adopter,Non-adopter,11+ year adopter,Original Adopter,1-5 Year Adopter,Non-adopter,1-5 Year Adopter,1-5 Year Adopter,6-10 year adopter
28,Cabo Verde,6-10 year adopter,11+ year adopter,1-5 Year Adopter,11+ year adopter,1-5 Year Adopter,Non-adopter,1-5 Year Adopter,11+ year adopter,1-5 Year Adopter,1-5 Year Adopter,1-5 Year Adopter,Original Adopter,1-5 Year Adopter,11+ year adopter
29,Cambodia,6-10 year adopter,11+ year adopter,1-5 Year Adopter,Non-adopter,Original Adopter,11+ year adopter,1-5 Year Adopter,11+ year adopter,6-10 year adopter,1-5 Year Adopter,Non-adopter,1-5 Year Adopter,1-5 Year Adopter,11+ year adopter
30,Cameroon,6-10 year adopter,6-10 year adopter,1-5 Year Adopter,Original Adopter,Original Adopter,Original Adopter,Original Adopter,11+ year adopter,Original Adopter,1-5 Year Adopter,1-5 Year Adopter,1-5 Year Adopter,1-5 Year Adopter,6-10 year adopter
31,Canada,Original Adopter,Original Adopter,Original Adopter,Non-adopter,Original Adopter,Original Adopter,Original Adopter,6-10 year adopter,Original Adopter,Original Adopter,11+ year adopter,11+ year adopter,Original Adopter,1-5 Year Adopter
32,Central African Republic,11+ year adopter,1-5 Year Adopter,1-5 Year Adopter,Non-adopter,1-5 Year Adopter,1-5 Year Adopter,Original Adopter,11+ year adopter,Non-adopter,1-5 Year Adopter,Non-adopter,Original Adopter,1-5 Year Adopter,6-10 year adopter
33,Chad,11+ year adopter,11+ year adopter,1-5 Year Adopter,11+ year adopter,1-5 Year Adopter,1-5 Year Adopter,1-5 Year Adopter,11+ year adopter,Original Adopter,Original Adopter,11+ year adopter,Original Adopter,1-5 Year Adopter,11+ year adopter
34,Chile,Original Adopter,Original Adopter,1-5 Year Adopter,Original Adopter,Original Adopter,1-5 Year Adopter,1-5 Year Adopter,6-10 year adopter,1-5 Year Adopter,1-5 Year Adopter,11+ year adopter,1-5 Year Adopter,1-5 Year Adopter,6-10 year adopter
35,China,Original Adopter,6-10 year adopter,Original Adopter,Non-adopter,Original Adopter,1-5 Year Adopter,Original Adopter,11+ year adopter,1-5 Year Adopter,Original Adopter,11+ year adopter,1-5 Year Adopter,1-5 Year Adopter,11+ year adopter
36,Colombia,1-5 Year Adopter,6-10 year adopter,1-5 Year Adopter,Non-adopter,Original Adopter,1-5 Year Adopter,Non-adopter,11+ year adopter,1-5 Year Adopter,1-5 Year Adopter,Non-adopter,1-5 Year Adopter,1-5 Year Adopter,11+ year adopter
37,Comoros,1-5 Year Adopter,11+ year adopter,1-5 Year Adopter,Non-adopter,1-5 Year Adopter,1-5 Year Adopter,Original Adopter,11+ year adopter,Non-adopter,1-5 Year Adopter,11+ year adopter,1-5 Year Adopter,1-5 Year Adopter,11+ year adopter
38,Congo,11+ year adopter,6-10 year adopter,1-5 Year Adopter,Non-adopter,1-5 Year Adopter,1-5 Year Adopter,1-5 Year Adopter,Non-adopter,1-5 Year Adopter,1-5 Year Adopter,11+ year adopter,1-5 Year Adopter,1-5 Year Adopter,11+ year adopter
39,Costa Rica,1-5 Year Adopter,Original Adopter,1-5 Year Adopter,11+ year adopter,Original Adopter,1-5 Year Adopter,Original Adopter,11+ year adopter,1-5 Year Adopter,1-5 Year Adopter,6-10 year adopter,1-5 Year Adopter,1-5 Year Adopter,1-5 Year Adopter
40,CÃ´te d'Ivoire,1-5 Year Adopter,11+ year adopter,1-5 Year Adopter,11+ year adopter,1-5 Year Adopter,1-5 Year Adopter,Original Adopter,11+ year adopter,Original Adopter,Original Adopter,1-5 Year Adopter,1-5 Year Adopter,1-5 Year Adopter,6-10 year adopter
41,Croatia,1-5 Year Adopter,11+ year adopter,1-5 Year Adopter,11+ year adopter,1-5 Year Adopter,1-5 Year Adopter,1-5 Year Adopter,11+ year adopter,1-5 Year Adopter,1-5 Year Adopter,11+ year adopter,1-5 Year Adopter,1-5 Year Adopter,11+ year adopter
42,Cuba,1-5 Year Adopter,11+ year adopter,1-5 Year Adopter,11+ year adopter,Original Adopter,1-5 Year Adopter,Original Adopter,11+ year adopter,1-5 Year Adopter,1-5 Year Adopter,1-5 Year Adopter,1-5 Year Adopter,1-5 Year Adopter,6-10 year adopter
43,Cyprus,Original Adopter,Original Adopter,1-5 Year Adopter,11+ year adopter,Original Adopter,1-5 Year Adopter,1-5 Year Adopter,11+ year adopter,Original Adopter,1-5 Year Adopter,6-10 year adopter,1-5 Year Adopter,1-5 Year Adopter,1-5 Year Adopter
44,Czechia,1-5 Year Adopter,11+ year adopter,1-5 Year Adopter,11+ year adopter,Original Adopter,1-5 Year Adopter,1-5 Year Adopter,11+ year adopter,Original Adopter,Original Adopter,11+ year adopter,1-5 Year Adopter,1-5 Year Adopter,11+ year adopter
45,Democratic People's Republic of Korea,11+ year adopter,Non-adopter,1-5 Year Adopter,Non-adopter,Original Adopter,6-10 year adopter,Original Adopter,11+ year adopter,Original Adopter,Original Adopter,Non-adopter,6-10 year adopter,1-5 Year Adopter,11+ year adopter
46,Democratic Republic of the Congo,1-5 Year Adopter,1-5 Year Adopter,1-5 Year Adopter,6-10 year adopter,Non-adopter,1-5 Year Adopter,Non-adopter,11+ year adopter,1-5 Year Adopter,1-5 Year Adopter,6-10 year adopter,1-5 Year Adopter,1-5 Year Adopter,1-5 Year Adopter
47,Denmark,1-5 Year Adopter,1-5 Year Adopter,1-5 Year Adopter,Original Adopter,Original Adopter,Original Adopter,Original Adopter,1-5 Year Adopter,Original Adopter,Original Adopter,11+ year adopter,Original Adopter,1-5 Year Adopter,6-10 year adopter
48,Djibouti,6-10 year adopter,11+ year adopter,1-5 Year Adopter,11+ year adopter,Original Adopter,6-10 year adopter,Original Adopter,11+ year adopter,Original Adopter,Original Adopter,6-10 year adopter,1-5 Year Adopter,1-5 Year Adopter,11+ year adopter
49,Dominica,6-10 year adopter,11+ year adopter,1-5 Year Adopter,Non-adopter,Original Adopter,1-5 Year Adopter,Original Adopter,Non-adopter,1-5 Year Adopter,Original Adopter,6-10 year adopter,1-5 Year Adopter,1-5 Year Adopter,11+ year adopter
50,Dominican Republic,6-10 year adopter,11+ year adopter,1-5 Year Adopter,11+ year adopter,Original Adopter,1-5 Year Adopter,1-5 Year Adopter,11+ year adopter,1-5 Year Adopter,1-5 Year Adopter,11+ year adopter,1-5 Year Adopter,6-10 year adopter,11+ year adopter
51,Ecuador,1-5 Year Adopter,Original Adopter,Original Adopter,11+ year adopter,Original Adopter,1-5 Year Adopter,1-5 Year Adopter,11+ year adopter,Original Adopter,Original Adopter,11+ year adopter,Original Adopter,1-5 Year Adopter,1-5 Year Adopter
52,Egypt,1-5 Year Adopter,1-5 Year Adopter,1-5 Year Adopter,Original Adopter,Original Adopter,Original Adopter,1-5 Year Adopter,11+ year adopter,Non-adopter,Original Adopter,1-5 Year Adopter,Original Adopter,1-5 Year Adopter,1-5 Year Adopter
53,El Salvador,Original Adopter,11+ year adopter,1-5 Year Adopter,Non-adopter,Original Adopter,1-5 Year Adopter,1-5 Year Adopter,11+ year adopter,Original Adopter,1-5 Year Adopter,Non-adopter,1-5 Year Adopter,1-5 Year Adopter,11+ year adopter
54,Equatorial Guinea,11+ year adopter,11+ year adopter,1-5 Year Adopter,11+ year adopter,Original Adopter,11+ year adopter,Non-adopter,11+ year adopter,Original Adopter,Non-adopter,11+ year adopter,1-5 Year Adopter,6-10 year adopter,11+ year adopter
55,Eritrea,11+ year adopter,11+ year adopter,1-5 Year Adopter,11+ year adopter,Original Adopter,11+ year adopter,Non-adopter,Non-adopter,1-5 Year Adopter,1-5 Year Adopter,Non-adopter,Original Adopter,1-5 Year Adopter,11+ year adopter
56,Estonia,Original Adopter,11+ year adopter,1-5 Year Adopter,11+ year adopter,Original Adopter,6-10 year adopter,Original Adopter,11+ year adopter,1-5 Year Adopter,1-5 Year Adopter,11+ year adopter,11+ year adopter,1-5 Year Adopter,11+ year adopter
57,Ethiopia,6-10 year adopter,11+ year adopter,1-5 Year Adopter,11+ year adopter,Original Adopter,1-5 Year Adopter,1-5 Year Adopter,Non-adopter,Original Adopter,Original Adopter,Non-adopter,1-5 Year Adopter,1-5 Year Adopter,1-5 Year Adopter
58,Fiji,Non-adopter,11+ year adopter,Original Adopter,11+ year adopter,Original Adopter,Original Adopter,Original Adopter,11+ year adopter,Non-adopter,Original Adopter,Original Adopter,1-5 Year Adopter,1-5 Year Adopter,11+ year adopter
59,Finland,Original Adopter,1-5 Year Adopter,1-5 Year Adopter,6-10 year adopter,Original Adopter,Original Adopter,Original Adopter,Original Adopter,Original Adopter,Original Adopter,11+ year adopter,Original Adopter,1-5 Year Adopter,11+ year adopter
60,France,Original Adopter,1-5 Year Adopter,1-5 Year Adopter,6-10 year adopter,Original Adopter,Original Adopter,Original Adopter,11+ year adopter,Original Adopter,Original Adopter,11+ year adopter,1-5 Year Adopter,1-5 Year Adopter,1-5 Year Adopter
61,Gabon,11+ year adopter,11+ year adopter,1-5 Year Adopter,11+ year adopter,1-5 Year Adopter,1-5 Year Adopter,Original Adopter,11+ year adopter,Original Adopter,1-5 Year Adopter,11+ year adopter,Original Adopter,6-10 year adopter,11+ year adopter
62,Gambia,1-5 Year Adopter,1-5 Year Adopter,1-5 Year Adopter,11+ year adopter,Original Adopter,1-5 Year Adopter,Original Adopter,11+ year adopter,Non-adopter,1-5 Year Adopter,1-5 Year Adopter,Original Adopter,1-5 Year Adopter,11+ year adopter
63,Georgia,6-10 year adopter,11+ year adopter,1-5 Year Adopter,11+ year adopter,Original Adopter,6-10 year adopter,1-5 Year Adopter,11+ year adopter,1-5 Year Adopter,1-5 Year Adopter,11+ year adopter,1-5 Year Adopter,1-5 Year Adopter,11+ year adopter
64,Germany,1-5 Year Adopter,1-5 Year Adopter,1-5 Year Adopter,1-5 Year Adopter,Original Adopter,Original Adopter,Original Adopter,1-5 Year Adopter,Original Adopter,Original Adopter,11+ year adopter,Original Adopter,1-5 Year Adopter,1-5 Year Adopter
65,Ghana,11+ year adopter,Original Adopter,1-5 Year Adopter,1-5 Year Adopter,Original Adopter,Original Adopter,Original Adopter,11+ year adopter,Original Adopter,Original Adopter,1-5 Year Adopter,Original Adopter,1-5 Year Adopter,1-5 Year Adopter
66,Greece,1-5 Year Adopter,11+ year adopter,1-5 Year Adopter,11+ year adopter,Original Adopter,Original Adopter,Original Adopter,Original Adopter,Original Adopter,1-5 Year Adopter,11+ year adopter,1-5 Year Adopter,1-5 Year Adopter,6-10 year adopter
67,Grenada,Non-adopter,11+ year adopter,1-5 Year Adopter,Non-adopter,Original Adopter,1-5 Year Adopter,Original Adopter,11+ year adopter,Non-adopter,Non-adopter,6-10 year adopter,1-5 Year Adopter,1-5 Year Adopter,11+ year adopter
68,Guatemala,1-5 Year Adopter,1-5 Year Adopter,1-5 Year Adopter,Non-adopter,Original Adopter,Original Adopter,1-5 Year Adopter,11+ year adopter,6-10 year adopter,1-5 Year Adopter,11+ year adopter,1-5 Year Adopter,1-5 Year Adopter,6-10 year adopter
69,Guinea,1-5 Year Adopter,6-10 year adopter,Original Adopter,6-10 year adopter,Original Adopter,1-5 Year Adopter,Original Adopter,11+ year adopter,Original Adopter,1-5 Year Adopter,1-5 Year Adopter,1-5 Year Adopter,1-5 Year Adopter,6-10 year adopter
70,Guinea-Bissau,11+ year adopter,11+ year adopter,1-5 Year Adopter,11+ year adopter,Original Adopter,11+ year adopter,Non-adopter,11+ year adopter,1-5 Year Adopter,1-5 Year Adopter,Non-adopter,Original Adopter,1-5 Year Adopter,11+ year adopter
71,Guyana,6-10 year adopter,1-5 Year Adopter,1-5 Year Adopter,Non-adopter,Original Adopter,1-5 Year Adopter,Original Adopter,Non-adopter,1-5 Year Adopter,1-5 Year Adopter,11+ year adopter,1-5 Year Adopter,1-5 Year Adopter,1-5 Year Adopter
72,Haiti,Original Adopter,Non-adopter,1-5 Year Adopter,Non-adopter,Original Adopter,11+ year adopter,1-5 Year Adopter,Non-adopter,Non-adopter,Non-adopter,11+ year adopter,Original Adopter,1-5 Year Adopter,6-10 year adopter
73,Honduras,1-5 Year Adopter,6-10 year adopter,1-5 Year Adopter,11+ year adopter,Original Adopter,1-5 Year Adopter,Original Adopter,11+ year adopter,6-10 year adopter,1-5 Year Adopter,11+ year adopter,1-5 Year Adopter,1-5 Year Adopter,6-10 year adopter
74,Hungary,Original Adopter,6-10 year adopter,1-5 Year Adopter,Original Adopter,Original Adopter,Original Adopter,Original Adopter,1-5 Year Adopter,Original Adopter,1-5 Year Adopter,11+ year adopter,1-5 Year Adopter,1-5 Year Adopter,11+ year adopter
75,Iceland,1-5 Year Adopter,11+ year adopter,1-5 Year Adopter,Non-adopter,Original Adopter,Original Adopter,Original Adopter,1-5 Year Adopter,Non-adopter,Original Adopter,1-5 Year Adopter,1-5 Year Adopter,1-5 Year Adopter,11+ year adopter
76,India,Original Adopter,1-5 Year Adopter,1-5 Year Adopter,Original Adopter,Original Adopter,1-5 Year Adopter,Original Adopter,6-10 year adopter,1-5 Year Adopter,1-5 Year Adopter,11+ year adopter,Original Adopter,1-5 Year Adopter,1-5 Year Adopter
77,Indonesia,1-5 Year Adopter,1-5 Year Adopter,1-5 Year Adopter,Non-adopter,Original Adopter,1-5 Year Adopter,Original Adopter,11+ year adopter,6-10 year adopter,1-5 Year Adopter,1-5 Year Adopter,1-5 Year Adopter,1-5 Year Adopter,11+ year adopter
78,Iran (Islamic Republic of),1-5 Year Adopter,1-5 Year Adopter,1-5 Year Adopter,Non-adopter,Original Adopter,1-5 Year Adopter,Non-adopter,Original Adopter,Original Adopter,1-5 Year Adopter,Non-adopter,1-5 Year Adopter,1-5 Year Adopter,1-5 Year Adopter
79,Iraq,11+ year adopter,11+ year adopter,11+ year adopter,11+ year adopter,1-5 Year Adopter,11+ year adopter,Non-adopter,11+ year adopter,11+ year adopter,11+ year adopter,Non-adopter,11+ year adopter,11+ year adopter,1-5 Year Adopter
80,Ireland,1-5 Year Adopter,11+ year adopter,1-5 Year Adopter,Original Adopter,Original Adopter,Original Adopter,Original Adopter,6-10 year adopter,1-5 Year Adopter,6-10 year adopter,11+ year adopter,1-5 Year Adopter,1-5 Year Adopter,11+ year adopter
81,Israel,1-5 Year Adopter,1-5 Year Adopter,1-5 Year Adopter,Original Adopter,Original Adopter,1-5 Year Adopter,Original Adopter,11+ year adopter,6-10 year adopter,Non-adopter,Non-adopter,Original Adopter,1-5 Year Adopter,11+ year adopter
82,Italy,1-5 Year Adopter,1-5 Year Adopter,1-5 Year Adopter,Original Adopter,Original Adopter,Original Adopter,Original Adopter,1-5 Year Adopter,Original Adopter,Non-adopter,11+ year adopter,1-5 Year Adopter,1-5 Year Adopter,6-10 year adopter
83,Jamaica,11+ year adopter,11+ year adopter,1-5 Year Adopter,Non-adopter,Original Adopter,1-5 Year Adopter,1-5 Year Adopter,11+ year adopter,Original Adopter,1-5 Year Adopter,1-5 Year Adopter,1-5 Year Adopter,1-5 Year Adopter,11+ year adopter
84,Japan,1-5 Year Adopter,1-5 Year Adopter,Original Adopter,Non-adopter,Original Adopter,Original Adopter,Original Adopter,1-5 Year Adopter,Original Adopter,Original Adopter,11+ year adopter,1-5 Year Adopter,1-5 Year Adopter,11+ year adopter
85,Jordan,Original Adopter,1-5 Year Adopter,1-5 Year Adopter,11+ year adopter,Original Adopter,Original Adopter,Original Adopter,1-5 Year Adopter,Original Adopter,Original Adopter,11+ year adopter,Original Adopter,1-5 Year Adopter,1-5 Year Adopter
86,Kazakhstan,11+ year adopter,11+ year adopter,1-5 Year Adopter,11+ year adopter,1-5 Year Adopter,6-10 year adopter,Original Adopter,11+ year adopter,1-5 Year Adopter,1-5 Year Adopter,Non-adopter,1-5 Year Adopter,1-5 Year Adopter,11+ year adopter
87,Kenya,6-10 year adopter,1-5 Year Adopter,1-5 Year Adopter,11+ year adopter,Original Adopter,Original Adopter,Original Adopter,11+ year adopter,1-5 Year Adopter,Original Adopter,6-10 year adopter,1-5 Year Adopter,1-5 Year Adopter,11+ year adopter
88,Kiribati,6-10 year adopter,Non-adopter,1-5 Year Adopter,Non-adopter,Original Adopter,1-5 Year Adopter,Original Adopter,11+ year adopter,Non-adopter,Original Adopter,11+ year adopter,1-5 Year Adopter,1-5 Year Adopter,11+ year adopter
89,Kuwait,1-5 Year Adopter,11+ year adopter,6-10 year adopter,Non-adopter,Original Adopter,1-5 Year Adopter,Non-adopter,Non-adopter,1-5 Year Adopter,1-5 Year Adopter,1-5 Year Adopter,1-5 Year Adopter,1-5 Year Adopter,11+ year adopter
90,Kyrgyzstan,1-5 Year Adopter,11+ year adopter,1-5 Year Adopter,11+ year adopter,Original Adopter,11+ year adopter,Non-adopter,11+ year adopter,Original Adopter,1-5 Year Adopter,Non-adopter,1-5 Year Adopter,6-10 year adopter,11+ year adopter
91,Lao People's Democratic Republic,11+ year adopter,11+ year adopter,1-5 Year Adopter,Non-adopter,Original Adopter,6-10 year adopter,Original Adopter,11+ year adopter,6-10 year adopter,1-5 Year Adopter,11+ year adopter,Original Adopter,1-5 Year Adopter,11+ year adopter
92,Latvia,Original Adopter,11+ year adopter,1-5 Year Adopter,11+ year adopter,Original Adopter,6-10 year adopter,1-5 Year Adopter,11+ year adopter,Original Adopter,Original Adopter,11+ year adopter,6-10 year adopter,1-5 Year Adopter,11+ year adopter
93,Lebanon,1-5 Year Adopter,11+ year adopter,1-5 Year Adopter,Non-adopter,1-5 Year Adopter,1-5 Year Adopter,Non-adopter,11+ year adopter,1-5 Year Adopter,Original Adopter,11+ year adopter,Original Adopter,1-5 Year Adopter,11+ year adopter
94,Lesotho,6-10 year adopter,11+ year adopter,1-5 Year Adopter,Non-adopter,Original Adopter,1-5 Year Adopter,1-5 Year Adopter,11+ year adopter,1-5 Year Adopter,Original Adopter,11+ year adopter,Original Adopter,1-5 Year Adopter,11+ year adopter
95,Liberia,11+ year adopter,6-10 year adopter,6-10 year adopter,11+ year adopter,Original Adopter,6-10 year adopter,Non-adopter,11+ year adopter,Original Adopter,Original Adopter,11+ year adopter,1-5 Year Adopter,6-10 year adopter,11+ year adopter
96,Libya,6-10 year adopter,11+ year adopter,6-10 year adopter,11+ year adopter,1-5 Year Adopter,1-5 Year Adopter,Non-adopter,11+ year adopter,Original Adopter,1-5 Year Adopter,Non-adopter,Original Adopter,6-10 year adopter,6-10 year adopter
97,Liechtenstein,Original Adopter,1-5 Year Adopter,1-5 Year Adopter,11+ year adopter,Original Adopter,Original Adopter,1-5 Year Adopter,11+ year adopter,Original Adopter,Original Adopter,Non-adopter,1-5 Year Adopter,1-5 Year Adopter,Non-adopter
98,Lithuania,6-10 year adopter,11+ year adopter,1-5 Year Adopter,11+ year adopter,Original Adopter,6-10 year adopter,1-5 Year Adopter,11+ year adopter,Original Adopter,1-5 Year Adopter,11+ year adopter,6-10 year adopter,1-5 Year Adopter,11+ year adopter
99,Luxembourg,1-5 Year Adopter,6-10 year adopter,1-5 Year Adopter,Original Adopter,Original Adopter,Original Adopter,Original Adopter,11+ year adopter,Original Adopter,Original Adopter,11+ year adopter,1-5 Year Adopter,1-5 Year Adopter,11+ year adopter
100,Madagascar,6-10 year adopter,Original Adopter,1-5 Year Adopter,11+ year adopter,Original Adopter,6-10 year adopter,Original Adopter,11+ year adopter,Original Adopter,1-5 Year Adopter,11+ year adopter,1-5 Year Adopter,6-10 year adopter,11+ year adopter
101,Malawi,1-5 Year Adopter,6-10 year adopter,1-5 Year Adopter,Non-adopter,Original Adopter,1-5 Year Adopter,1-5 Year Adopter,11+ year adopter,1-5 Year Adopter,1-5 Year Adopter,11+ year adopter,Original Adopter,1-5 Year Adopter,6-10 year adopter
102,Malaysia,1-5 Year Adopter,1-5 Year Adopter,1-5 Year Adopter,Non-adopter,Original Adopter,Original Adopter,Original Adopter,11+ year adopter,Original Adopter,Non-adopter,11+ year adopter,1-5 Year Adopter,1-5 Year Adopter,11+ year adopter
103,Maldives,Original Adopter,11+ year adopter,Original Adopter,Non-adopter,Original Adopter,Original Adopter,Original Adopter,Non-adopter,1-5 Year Adopter,1-5 Year Adopter,11+ year adopter,6-10 year adopter,Original Adopter,11+ year adopter
104,Mali,6-10 year adopter,11+ year adopter,1-5 Year Adopter,1-5 Year Adopter,Original Adopter,1-5 Year Adopter,Original Adopter,11+ year adopter,Original Adopter,Original Adopter,1-5 Year Adopter,Original Adopter,1-5 Year Adopter,1-5 Year Adopter
105,Malta,6-10 year adopter,11+ year adopter,6-10 year adopter,11+ year adopter,Original Adopter,Original Adopter,Original Adopter,11+ year adopter,11+ year adopter,11+ year adopter,11+ year adopter,1-5 Year Adopter,1-5 Year Adopter,6-10 year adopter
106,Marshall Islands,11+ year adopter,Non-adopter,Original Adopter,Non-adopter,Original Adopter,1-5 Year Adopter,Original Adopter,11+ year adopter,Original Adopter,Original Adopter,6-10 year adopter,1-5 Year Adopter,Original Adopter,11+ year adopter
107,Mauritania,1-5 Year Adopter,11+ year adopter,1-5 Year Adopter,11+ year adopter,Original Adopter,1-5 Year Adopter,1-5 Year Adopter,6-10 year adopter,1-5 Year Adopter,1-5 Year Adopter,11+ year adopter,Original Adopter,1-5 Year Adopter,6-10 year adopter
108,Mauritius,Original Adopter,Original Adopter,Original Adopter,11+ year adopter,Original Adopter,1-5 Year Adopter,Original Adopter,11+ year adopter,1-5 Year Adopter,Original Adopter,11+ year adopter,Original Adopter,Original Adopter,11+ year adopter
109,Mexico,Original Adopter,11+ year adopter,Original Adopter,Non-adopter,Original Adopter,Original Adopter,Original Adopter,11+ year adopter,1-5 Year Adopter,Original Adopter,1-5 Year Adopter,Original Adopter,1-5 Year Adopter,11+ year adopter
110,Micronesia (Federated States of),1-5 Year Adopter,Non-adopter,1-5 Year Adopter,Non-adopter,Original Adopter,6-10 year adopter,Original Adopter,Non-adopter,Non-adopter,1-5 Year Adopter,Non-adopter,Original Adopter,1-5 Year Adopter,11+ year adopter
111,Monaco,Original Adopter,1-5 Year Adopter,Original Adopter,6-10 year adopter,1-5 Year Adopter,1-5 Year Adopter,Original Adopter,11+ year adopter,Non-adopter,Original Adopter,11+ year adopter,1-5 Year Adopter,Original Adopter,6-10 year adopter
112,Mongolia,1-5 Year Adopter,11+ year adopter,Original Adopter,11+ year adopter,Original Adopter,6-10 year adopter,Original Adopter,11+ year adopter,Original Adopter,Original Adopter,11+ year adopter,Original Adopter,1-5 Year Adopter,11+ year adopter
113,Montenegro,11+ year adopter,11+ year adopter,11+ year adopter,11+ year adopter,1-5 Year Adopter,11+ year adopter,Non-adopter,11+ year adopter,6-10 year adopter,6-10 year adopter,11+ year adopter,11+ year adopter,11+ year adopter,11+ year adopter
114,Morocco,1-5 Year Adopter,Original Adopter,1-5 Year Adopter,6-10 year adopter,Original Adopter,6-10 year adopter,Original Adopter,1-5 Year Adopter,6-10 year adopter,Original Adopter,11+ year adopter,Original Adopter,1-5 Year Adopter,1-5 Year Adopter
115,Mozambique,1-5 Year Adopter,6-10 year adopter,1-5 Year Adopter,11+ year adopter,Original Adopter,1-5 Year Adopter,Non-adopter,11+ year adopter,6-10 year adopter,1-5 Year Adopter,11+ year adopter,1-5 Year Adopter,1-5 Year Adopter,6-10 year adopter
116,Myanmar,11+ year adopter,11+ year adopter,1-5 Year Adopter,Non-adopter,Original Adopter,1-5 Year Adopter,1-5 Year Adopter,11+ year adopter,Non-adopter,Original Adopter,11+ year adopter,1-5 Year Adopter,1-5 Year Adopter,11+ year adopter
117,Namibia,1-5 Year Adopter,11+ year adopter,1-5 Year Adopter,Non-adopter,Original Adopter,1-5 Year Adopter,Original Adopter,11+ year adopter,1-5 Year Adopter,1-5 Year Adopter,1-5 Year Adopter,1-5 Year Adopter,1-5 Year Adopter,11+ year adopter
118,Nauru,6-10 year adopter,Non-adopter,1-5 Year Adopter,Non-adopter,Original Adopter,11+ year adopter,Original Adopter,Non-adopter,Non-adopter,Original Adopter,11+ year adopter,1-5 Year Adopter,1-5 Year Adopter,Non-adopter
119,Nepal,1-5 Year Adopter,Original Adopter,1-5 Year Adopter,Non-adopter,Original Adopter,1-5 Year Adopter,Original Adopter,11+ year adopter,1-5 Year Adopter,1-5 Year Adopter,11+ year adopter,Original Adopter,1-5 Year Adopter,6-10 year adopter
120,Netherlands,1-5 Year Adopter,6-10 year adopter,1-5 Year Adopter,Original Adopter,Original Adopter,Original Adopter,1-5 Year Adopter,1-5 Year Adopter,Original Adopter,Original Adopter,11+ year adopter,Original Adopter,1-5 Year Adopter,11+ year adopter
121,New Zealand,1-5 Year Adopter,11+ year adopter,Original Adopter,11+ year adopter,Original Adopter,Original Adopter,Original Adopter,1-5 Year Adopter,Original Adopter,Original Adopter,11+ year adopter,1-5 Year Adopter,1-5 Year Adopter,11+ year adopter
122,Nicaragua,1-5 Year Adopter,1-5 Year Adopter,1-5 Year Adopter,Non-adopter,Original Adopter,1-5 Year Adopter,1-5 Year Adopter,11+ year adopter,1-5 Year Adopter,1-5 Year Adopter,11+ year adopter,1-5 Year Adopter,1-5 Year Adopter,6-10 year adopter
123,Niger,6-10 year adopter,Original Adopter,1-5 Year Adopter,Original Adopter,Original Adopter,1-5 Year Adopter,Original Adopter,11+ year adopter,1-5 Year Adopter,1-5 Year Adopter,11+ year adopter,Original Adopter,1-5 Year Adopter,1-5 Year Adopter
124,Nigeria,Original Adopter,Original Adopter,1-5 Year Adopter,1-5 Year Adopter,Original Adopter,Original Adopter,1-5 Year Adopter,11+ year adopter,Original Adopter,Original Adopter,1-5 Year Adopter,1-5 Year Adopter,1-5 Year Adopter,1-5 Year Adopter
125,Norway,Original Adopter,1-5 Year Adopter,Original Adopter,1-5 Year Adopter,Original Adopter,Original Adopter,Original Adopter,Original Adopter,Original Adopter,Original Adopter,11+ year adopter,Original Adopter,1-5 Year Adopter,1-5 Year Adopter
126,Oman,1-5 Year Adopter,11+ year adopter,1-5 Year Adopter,Non-adopter,Original Adopter,6-10 year adopter,Non-adopter,11+ year adopter,Original Adopter,1-5 Year Adopter,6-10 year adopter,Original Adopter,1-5 Year Adopter,6-10 year adopter
127,Pakistan,1-5 Year Adopter,1-5 Year Adopter,1-5 Year Adopter,1-5 Year Adopter,Original Adopter,1-5 Year Adopter,Original Adopter,1-5 Year Adopter,1-5 Year Adopter,1-5 Year Adopter,11+ year adopter,1-5 Year Adopter,1-5 Year Adopter,1-5 Year Adopter
128,Palau,11+ year adopter,11+ year adopter,6-10 year adopter,11+ year adopter,Original Adopter,11+ year adopter,Original Adopter,11+ year adopter,Non-adopter,6-10 year adopter,11+ year adopter,1-5 Year Adopter,6-10 year adopter,11+ year adopter
129,Panama,Original Adopter,1-5 Year Adopter,1-5 Year Adopter,6-10 year adopter,Original Adopter,Original Adopter,Original Adopter,11+ year adopter,Original Adopter,Original Adopter,11+ year adopter,Original Adopter,1-5 Year Adopter,6-10 year adopter
130,Papua New Guinea,1-5 Year Adopter,Original Adopter,Original Adopter,Non-adopter,Original Adopter,1-5 Year Adopter,Original Adopter,11+ year adopter,Non-adopter,Original Adopter,11+ year adopter,1-5 Year Adopter,1-5 Year Adopter,11+ year adopter
131,Paraguay,1-5 Year Adopter,1-5 Year Adopter,1-5 Year Adopter,11+ year adopter,Original Adopter,1-5 Year Adopter,Original Adopter,11+ year adopter,Original Adopter,Original Adopter,1-5 Year Adopter,1-5 Year Adopter,1-5 Year Adopter,11+ year adopter
132,Peru,1-5 Year Adopter,Original Adopter,Original Adopter,11+ year adopter,Original Adopter,1-5 Year Adopter,Original Adopter,11+ year adopter,1-5 Year Adopter,1-5 Year Adopter,Non-adopter,Original Adopter,1-5 Year Adopter,6-10 year adopter
133,Philippines,1-5 Year Adopter,6-10 year adopter,1-5 Year Adopter,11+ year adopter,Original Adopter,1-5 Year Adopter,1-5 Year Adopter,11+ year adopter,1-5 Year Adopter,Original Adopter,1-5 Year Adopter,1-5 Year Adopter,1-5 Year Adopter,11+ year adopter
134,Poland,Original Adopter,11+ year adopter,1-5 Year Adopter,11+ year adopter,Original Adopter,1-5 Year Adopter,Original Adopter,1-5 Year Adopter,1-5 Year Adopter,1-5 Year Adopter,11+ year adopter,1-5 Year Adopter,1-5 Year Adopter,1-5 Year Adopter
135,Portugal,1-5 Year Adopter,1-5 Year Adopter,1-5 Year Adopter,Original Adopter,Original Adopter,Original Adopter,Original Adopter,6-10 year adopter,1-5 Year Adopter,Original Adopter,11+ year adopter,Original Adopter,1-5 Year Adopter,6-10 year adopter
136,Qatar,1-5 Year Adopter,11+ year adopter,1-5 Year Adopter,Non-adopter,Original Adopter,6-10 year adopter,1-5 Year Adopter,Non-adopter,Original Adopter,Original Adopter,11+ year adopter,1-5 Year Adopter,1-5 Year Adopter,11+ year adopter
137,Republic of Korea,1-5 Year Adopter,11+ year adopter,1-5 Year Adopter,Non-adopter,Original Adopter,1-5 Year Adopter,Original Adopter,11+ year adopter,Original Adopter,1-5 Year Adopter,11+ year adopter,1-5 Year Adopter,1-5 Year Adopter,11+ year adopter
138,Republic of Moldova,6-10 year adopter,11+ year adopter,1-5 Year Adopter,11+ year adopter,Original Adopter,6-10 year adopter,1-5 Year Adopter,Non-adopter,1-5 Year Adopter,Original Adopter,11+ year adopter,1-5 Year Adopter,1-5 Year Adopter,11+ year adopter
139,Romania,Original Adopter,11+ year adopter,1-5 Year Adopter,11+ year adopter,Original Adopter,1-5 Year Adopter,1-5 Year Adopter,11+ year adopter,Original Adopter,Original Adopter,11+ year adopter,1-5 Year Adopter,1-5 Year Adopter,11+ year adopter
140,Russian Federation,1-5 Year Adopter,11+ year adopter,1-5 Year Adopter,Non-adopter,Original Adopter,Original Adopter,Non-adopter,1-5 Year Adopter,6-10 year adopter,6-10 year adopter,11+ year adopter,6-10 year adopter,1-5 Year Adopter,11+ year adopter
141,Rwanda,11+ year adopter,1-5 Year Adopter,1-5 Year Adopter,11+ year adopter,Original Adopter,11+ year adopter,Original Adopter,11+ year adopter,Original Adopter,Original Adopter,Non-adopter,1-5 Year Adopter,6-10 year adopter,11+ year adopter
142,Saint Kitts and Nevis,1-5 Year Adopter,11+ year adopter,Original Adopter,Non-adopter,1-5 Year Adopter,1-5 Year Adopter,Original Adopter,Non-adopter,6-10 year adopter,Original Adopter,11+ year adopter,Non-adopter,1-5 Year Adopter,11+ year adopter
143,Saint Lucia,1-5 Year Adopter,6-10 year adopter,Original Adopter,Non-adopter,Original Adopter,1-5 Year Adopter,Original Adopter,11+ year adopter,Non-adopter,Original Adopter,1-5 Year Adopter,Non-adopter,1-5 Year Adopter,11+ year adopter
144,Saint Vincent and the Grenadines,1-5 Year Adopter,11+ year adopter,1-5 Year Adopter,Non-adopter,Original Adopter,6-10 year adopter,Original Adopter,Non-adopter,6-10 year adopter,1-5 Year Adopter,11+ year adopter,Non-adopter,1-5 Year Adopter,11+ year adopter
145,Samoa,6-10 year adopter,11+ year adopter,1-5 Year Adopter,11+ year adopter,Original Adopter,1-5 Year Adopter,Original Adopter,11+ year adopter,Original Adopter,Original Adopter,Non-adopter,1-5 Year Adopter,1-5 Year Adopter,11+ year adopter
146,San Marino,Non-adopter,11+ year adopter,1-5 Year Adopter,Non-adopter,1-5 Year Adopter,11+ year adopter,Non-adopter,Non-adopter,Non-adopter,Non-adopter,Non-adopter,1-5 Year Adopter,1-5 Year Adopter,11+ year adopter
147,Sao Tome and Principe,11+ year adopter,11+ year adopter,6-10 year adopter,11+ year adopter,1-5 Year Adopter,11+ year adopter,Original Adopter,11+ year adopter,6-10 year adopter,1-5 Year Adopter,1-5 Year Adopter,1-5 Year Adopter,6-10 year adopter,11+ year adopter
148,Saudi Arabia,Original Adopter,11+ year adopter,6-10 year adopter,6-10 year adopter,Original Adopter,1-5 Year Adopter,Original Adopter,Non-adopter,Original Adopter,6-10 year adopter,11+ year adopter,1-5 Year Adopter,1-5 Year Adopter,6-10 year adopter
149,Senegal,Original Adopter,1-5 Year Adopter,1-5 Year Adopter,1-5 Year Adopter,Original Adopter,1-5 Year Adopter,Original Adopter,1-5 Year Adopter,Original Adopter,Original Adopter,1-5 Year Adopter,Original Adopter,1-5 Year Adopter,1-5 Year Adopter
150,Serbia,6-10 year adopter,11+ year adopter,6-10 year adopter,11+ year adopter,1-5 Year Adopter,11+ year adopter,1-5 Year Adopter,11+ year adopter,1-5 Year Adopter,1-5 Year Adopter,11+ year adopter,11+ year adopter,6-10 year adopter,11+ year adopter
151,Seychelles,1-5 Year Adopter,1-5 Year Adopter,Original Adopter,11+ year adopter,Original Adopter,1-5 Year Adopter,Original Adopter,11+ year adopter,Non-adopter,1-5 Year Adopter,6-10 year adopter,1-5 Year Adopter,Original Adopter,6-10 year adopter
152,Sierra Leone,11+ year adopter,11+ year adopter,1-5 Year Adopter,Non-adopter,1-5 Year Adopter,11+ year adopter,Original Adopter,11+ year adopter,11+ year adopter,Original Adopter,11+ year adopter,1-5 Year Adopter,1-5 Year Adopter,11+ year adopter
153,Singapore,1-5 Year Adopter,11+ year adopter,1-5 Year Adopter,Non-adopter,1-5 Year Adopter,Original Adopter,Original Adopter,Non-adopter,1-5 Year Adopter,1-5 Year Adopter,11+ year adopter,1-5 Year Adopter,1-5 Year Adopter,11+ year adopter
154,Slovakia,1-5 Year Adopter,11+ year adopter,1-5 Year Adopter,11+ year adopter,Original Adopter,1-5 Year Adopter,Original Adopter,11+ year adopter,1-5 Year Adopter,Original Adopter,11+ year adopter,6-10 year adopter,1-5 Year Adopter,11+ year adopter
155,Slovenia,1-5 Year Adopter,11+ year adopter,1-5 Year Adopter,11+ year adopter,Original Adopter,1-5 Year Adopter,Original Adopter,11+ year adopter,Original Adopter,Original Adopter,11+ year adopter,1-5 Year Adopter,1-5 Year Adopter,11+ year adopter
156,Solomon Islands,Non-adopter,11+ year adopter,1-5 Year Adopter,Non-adopter,Original Adopter,1-5 Year Adopter,Original Adopter,Non-adopter,Non-adopter,Original Adopter,11+ year adopter,1-5 Year Adopter,1-5 Year Adopter,11+ year adopter
157,Somalia,11+ year adopter,6-10 year adopter,11+ year adopter,1-5 Year Adopter,1-5 Year Adopter,Non-adopter,Original Adopter,Non-adopter,6-10 year adopter,6-10 year adopter,6-10 year adopter,6-10 year adopter,11+ year adopter,Non-adopter
158,South Africa,1-5 Year Adopter,Original Adopter,1-5 Year Adopter,6-10 year adopter,Original Adopter,1-5 Year Adopter,Original Adopter,Original Adopter,Original Adopter,Original Adopter,11+ year adopter,1-5 Year Adopter,1-5 Year Adopter,11+ year adopter
159,South Sudan,Non-adopter,Non-adopter,11+ year adopter,Non-adopter,Non-adopter,11+ year adopter,Non-adopter,11+ year adopter,Non-adopter,Non-adopter,Non-adopter,11+ year adopter,11+ year adopter,11+ year adopter
160,Spain,1-5 Year Adopter,11+ year adopter,1-5 Year Adopter,1-5 Year Adopter,Original Adopter,Original Adopter,1-5 Year Adopter,6-10 year adopter,Original Adopter,Original Adopter,11+ year adopter,Original Adopter,1-5 Year Adopter,6-10 year adopter
161,Sri Lanka,Original Adopter,1-5 Year Adopter,1-5 Year Adopter,6-10 year adopter,Original Adopter,Original Adopter,Original Adopter,11+ year adopter,1-5 Year Adopter,1-5 Year Adopter,11+ year adopter,1-5 Year Adopter,1-5 Year Adopter,6-10 year adopter
162,State of Palestine,11+ year adopter,Non-adopter,11+ year adopter,Non-adopter,Non-adopter,Non-adopter,Original Adopter,Non-adopter,Non-adopter,Non-adopter,11+ year adopter,Non-adopter,11+ year adopter,11+ year adopter
163,Sudan,11+ year adopter,6-10 year adopter,1-5 Year Adopter,Non-adopter,Original Adopter,1-5 Year Adopter,1-5 Year Adopter,11+ year adopter,1-5 Year Adopter,1-5 Year Adopter,1-5 Year Adopter,Original Adopter,1-5 Year Adopter,1-5 Year Adopter
164,Suriname,11+ year adopter,1-5 Year Adopter,1-5 Year Adopter,Non-adopter,1-5 Year Adopter,6-10 year adopter,Non-adopter,6-10 year adopter,Original Adopter,6-10 year adopter,11+ year adopter,1-5 Year Adopter,1-5 Year Adopter,11+ year adopter
165,Swaziland,11+ year adopter,11+ year adopter,1-5 Year Adopter,11+ year adopter,1-5 Year Adopter,1-5 Year Adopter,Original Adopter,11+ year adopter,6-10 year adopter,1-5 Year Adopter,11+ year adopter,Original Adopter,1-5 Year Adopter,11+ year adopter
166,Sweden,Original Adopter,Original Adopter,1-5 Year Adopter,Original Adopter,Original Adopter,Original Adopter,Original Adopter,Original Adopter,Original Adopter,Original Adopter,11+ year adopter,Original Adopter,1-5 Year Adopter,11+ year adopter
167,Switzerland,Original Adopter,Original Adopter,1-5 Year Adopter,11+ year adopter,Original Adopter,Original Adopter,1-5 Year Adopter,1-5 Year Adopter,Original Adopter,Original Adopter,11+ year adopter,Original Adopter,1-5 Year Adopter,1-5 Year Adopter
168,Syrian Arab Republic,Original Adopter,11+ year adopter,1-5 Year Adopter,Non-adopter,1-5 Year Adopter,Original Adopter,1-5 Year Adopter,11+ year adopter,Original Adopter,1-5 Year Adopter,Non-adopter,1-5 Year Adopter,1-5 Year Adopter,1-5 Year Adopter
169,Tajikistan,11+ year adopter,11+ year adopter,1-5 Year Adopter,11+ year adopter,1-5 Year Adopter,6-10 year adopter,1-5 Year Adopter,11+ year adopter,Non-adopter,1-5 Year Adopter,Non-adopter,1-5 Year Adopter,6-10 year adopter,11+ year adopter
170,Thailand,1-5 Year Adopter,6-10 year adopter,11+ year adopter,Non-adopter,Original Adopter,Original Adopter,Original Adopter,11+ year adopter,Original Adopter,1-5 Year Adopter,Non-adopter,1-5 Year Adopter,1-5 Year Adopter,11+ year adopter
171,The former Yugoslav Republic of Macedonia,1-5 Year Adopter,11+ year adopter,1-5 Year Adopter,Non-adopter,Original Adopter,1-5 Year Adopter,Non-adopter,11+ year adopter,6-10 year adopter,Original Adopter,11+ year adopter,6-10 year adopter,6-10 year adopter,11+ year adopter
172,Timor-Leste,Non-adopter,Non-adopter,11+ year adopter,Non-adopter,1-5 Year Adopter,11+ year adopter,1-5 Year Adopter,Non-adopter,Non-adopter,Non-adopter,11+ year adopter,6-10 year adopter,11+ year adopter,11+ year adopter
173,Togo,11+ year adopter,1-5 Year Adopter,1-5 Year Adopter,11+ year adopter,Original Adopter,1-5 Year Adopter,1-5 Year Adopter,11+ year adopter,Original Adopter,Original Adopter,1-5 Year Adopter,Original Adopter,1-5 Year Adopter,11+ year adopter
174,Tonga,11+ year adopter,11+ year adopter,1-5 Year Adopter,Non-adopter,1-5 Year Adopter,6-10 year adopter,Original Adopter,Non-adopter,6-10 year adopter,1-5 Year Adopter,11+ year adopter,1-5 Year Adopter,6-10 year adopter,11+ year adopter
175,Trinidad and Tobago,1-5 Year Adopter,6-10 year adopter,1-5 Year Adopter,Non-adopter,Original Adopter,Original Adopter,Non-adopter,11+ year adopter,1-5 Year Adopter,Original Adopter,1-5 Year Adopter,1-5 Year Adopter,1-5 Year Adopter,11+ year adopter
176,Tunisia,1-5 Year Adopter,Original Adopter,Original Adopter,1-5 Year Adopter,Original Adopter,Original Adopter,1-5 Year Adopter,6-10 year adopter,11+ year adopter,Original Adopter,1-5 Year Adopter,Original Adopter,1-5 Year Adopter,1-5 Year Adopter
177,Turkey,1-5 Year Adopter,11+ year adopter,1-5 Year Adopter,Non-adopter,1-5 Year Adopter,1-5 Year Adopter,Non-adopter,11+ year adopter,11+ year adopter,1-5 Year Adopter,Non-adopter,1-5 Year Adopter,11+ year adopter,11+ year adopter
178,Turkmenistan,1-5 Year Adopter,Non-adopter,1-5 Year Adopter,Non-adopter,Original Adopter,1-5 Year Adopter,Original Adopter,11+ year adopter,Non-adopter,Non-adopter,Non-adopter,Original Adopter,1-5 Year Adopter,11+ year adopter
179,Tuvalu,Non-adopter,Non-adopter,6-10 year adopter,Non-adopter,Original Adopter,1-5 Year Adopter,Original Adopter,Non-adopter,Non-adopter,Original Adopter,11+ year adopter,1-5 Year Adopter,1-5 Year Adopter,Non-adopter
180,Uganda,6-10 year adopter,11+ year adopter,Original Adopter,11+ year adopter,Original Adopter,Original Adopter,Original Adopter,11+ year adopter,1-5 Year Adopter,Original Adopter,6-10 year adopter,1-5 Year Adopter,1-5 Year Adopter,11+ year adopter
181,Ukraine,6-10 year adopter,11+ year adopter,1-5 Year Adopter,11+ year adopter,Original Adopter,Original Adopter,Original Adopter,11+ year adopter,Original Adopter,1-5 Year Adopter,11+ year adopter,6-10 year adopter,1-5 Year Adopter,11+ year adopter
182,United Arab Emirates,Original Adopter,11+ year adopter,6-10 year adopter,11+ year adopter,Original Adopter,Original Adopter,Original Adopter,11+ year adopter,Original Adopter,Original Adopter,Non-adopter,1-5 Year Adopter,1-5 Year Adopter,11+ year adopter
183,United Kingdom of Great Britain and Northern Ireland,1-5 Year Adopter,1-5 Year Adopter,1-5 Year Adopter,1-5 Year Adopter,Original Adopter,Original Adopter,Original Adopter,1-5 Year Adopter,Original Adopter,1-5 Year Adopter,Non-adopter,Original Adopter,1-5 Year Adopter,11+ year adopter
184,United Republic of Tanzania,1-5 Year Adopter,1-5 Year Adopter,1-5 Year Adopter,11+ year adopter,Original Adopter,1-5 Year Adopter,Non-adopter,11+ year adopter,Original Adopter,Original Adopter,1-5 Year Adopter,1-5 Year Adopter,1-5 Year Adopter,1-5 Year Adopter
185,United States of America,Non-adopter,Original Adopter,Non-adopter,Non-adopter,Non-adopter,Original Adopter,Original Adopter,11+ year adopter,Non-adopter,Non-adopter,Non-adopter,1-5 Year Adopter,Original Adopter,1-5 Year Adopter
186,Uruguay,Original Adopter,Original Adopter,1-5 Year Adopter,6-10 year adopter,Original Adopter,1-5 Year Adopter,Original Adopter,6-10 year adopter,Original Adopter,Original Adopter,6-10 year adopter,1-5 Year Adopter,1-5 Year Adopter,11+ year adopter
187,Uzbekistan,1-5 Year Adopter,11+ year adopter,1-5 Year Adopter,11+ year adopter,Original Adopter,1-5 Year Adopter,Non-adopter,11+ year adopter,Non-adopter,Non-adopter,Non-adopter,Original Adopter,1-5 Year Adopter,11+ year adopter
188,Vanuatu,Non-adopter,11+ year adopter,Original Adopter,Non-adopter,Original Adopter,1-5 Year Adopter,Original Adopter,Non-adopter,Non-adopter,1-5 Year Adopter,11+ year adopter,1-5 Year Adopter,1-5 Year Adopter,11+ year adopter
189,Venezuela (Bolivarian Republic of),6-10 year adopter,1-5 Year Adopter,1-5 Year Adopter,Non-adopter,Original Adopter,Original Adopter,1-5 Year Adopter,11+ year adopter,1-5 Year Adopter,1-5 Year Adopter,Non-adopter,1-5 Year Adopter,1-5 Year Adopter,11+ year adopter
190,Viet Nam,1-5 Year Adopter,11+ year adopter,1-5 Year Adopter,Non-adopter,Original Adopter,1-5 Year Adopter,Original Adopter,11+ year adopter,1-5 Year Adopter,Original Adopter,Non-adopter,1-5 Year Adopter,1-5 Year Adopter,11+ year adopter
191,Yemen,1-5 Year Adopter,11+ year adopter,1-5 Year Adopter,11+ year adopter,Original Adopter,6-10 year adopter,Non-adopter,11+ year adopter,1-5 Year Adopter,Original Adopter,1-5 Year Adopter,1-5 Year Adopter,1-5 Year Adopter,6-10 year adopter
192,Zambia,1-5 Year Adopter,1-5 Year Adopter,Original Adopter,Non-adopter,1-5 Year Adopter,1-5 Year Adopter,Original Adopter,11+ year adopter,6-10 year adopter,1-5 Year Adopter,1-5 Year Adopter,Original Adopter,1-5 Year Adopter,11+ year adopter
193,Zimbabwe,11+ year adopter,6-10 year adopter,1-5 Year Adopter,11+ year adopter,1-5 Year Adopter,1-5 Year Adopter,1-5 Year Adopter,11+ year adopter,6-10 year adopter,6-10 year adopter,11+ year adopter,1-5 Year Adopter,Original Adopter,6-10 year adopter